event_type,seq_id,time_stamp
event_8,device_21,4.309712585324113
event_10,device_3,4.811263478323182
event_4,device_14,6.767891475190844
event_8,device_21,8.653882749081081
event_6,device_26,10.849203719497329
event_7,device_3,11.392421510811696
event_10,device_3,12.858642338201594
event_2,device_24,14.799877526179062
event_2,device_24,15.601050230754884
event_10,device_3,16.824885287551414
event_5,device_13,18.094049690162038
event_6,device_26,19.2102982086332
event_4,device_14,20.66837709984683
event_3,device_20,22.872162536706245
event_4,device_14,24.888201038031617
event_2,device_24,25.368159975308874
event_8,device_21,25.925851884912976
event_8,device_21,28.201137440140524
event_2,device_24,28.692186967529608
event_5,device_13,28.856381709373743
event_7,device_3,30.895998964054403
event_3,device_20,33.717186956965364
event_2,device_24,33.79622799369956
event_3,device_20,35.75493218080987
event_6,device_26,40.137971586240546
event_4,device_14,41.484445259527504
event_1,device_3,41.695305298748266
event_5,device_13,41.76798060666274
event_3,device_20,42.12065236093603
event_4,device_14,44.18866152512467
event_4,device_14,44.52573850279162
event_10,device_3,44.63765032048911
event_3,device_20,45.85804676264779
event_7,device_3,47.755607476017815
event_1,device_3,49.57075076682141
event_3,device_20,53.25393580099089
event_2,device_24,53.80931434225219
event_7,device_3,54.68285395187509
event_6,device_26,56.583909052782325
event_4,device_14,57.36621319477972
event_4,device_14,57.45988143662662
event_8,device_21,57.78185530457
event_6,device_26,59.24741582052909
event_4,device_14,59.39516873694755
event_5,device_13,60.571120608664216
event_7,device_3,61.00303549126215
event_3,device_20,62.07613797189162
event_1,device_3,62.76854834501525
event_1,device_3,65.8165747582776
event_7,device_3,70.76451176167666
event_1,device_3,75.13209035709492
event_1,device_3,77.53739490161317
event_8,device_21,78.32559222773348
event_10,device_3,78.88666844070595
event_2,device_24,79.27501287891677
event_1,device_3,80.91483868575959
event_9,device_7,84.57379392170701
event_3,device_20,86.69870152822791
event_4,device_14,90.73998988222607
event_4,device_14,90.90210046216555
event_2,device_24,94.316090654842
event_2,device_24,96.19666642568356
event_2,device_24,96.68755864481221
event_10,device_3,97.15020288807712
event_1,device_3,99.10201378039794
event_7,device_3,99.88234148598774
event_6,device_26,100.04911924113647
event_8,device_21,102.54074863619041
event_2,device_24,103.85648396773901
event_4,device_14,104.38486588939008
event_7,device_3,105.47818292047874
event_10,device_3,107.47093420926534
event_7,device_3,107.5308614750074
event_4,device_14,108.04000042566037
event_10,device_3,110.25954535136324
event_8,device_21,115.52858991586905
event_9,device_7,115.63685333692415
event_5,device_13,116.30772935441075
event_4,device_14,123.59021283561854
event_9,device_7,124.02630071334674
event_3,device_20,128.2620799300568
event_2,device_24,129.18221103490103
event_2,device_24,129.2684444340954
event_2,device_24,129.97391047879387
event_3,device_20,135.14951613231204
event_1,device_3,135.50927684365465
event_1,device_3,135.64478190086288
event_6,device_26,138.17655904006963
event_1,device_3,143.3097235438747
event_4,device_14,143.50315727285965
event_1,device_3,143.89083348074976
event_2,device_24,144.3613617262828
event_10,device_3,145.6029266260599
event_9,device_7,146.04232793598257
event_8,device_21,149.3395361189414
event_2,device_24,152.43565653417784
event_8,device_21,154.49711712571656
event_6,device_26,155.87067038102418
event_5,device_13,157.32364559780112
event_4,device_14,157.98804064761038
event_4,device_14,159.51596629820415
event_10,device_3,160.55769851484501
event_3,device_20,161.26400510900552
event_7,device_3,162.22619627899198
event_6,device_26,163.62325999185666
event_2,device_24,164.37036246829172
event_1,device_3,164.67538195978858
event_7,device_3,166.28315177775957
event_2,device_24,166.43001310972144
event_8,device_21,172.50810907062188
event_6,device_26,175.09292533423354
event_2,device_24,175.19970068865138
event_4,device_14,175.4479945693322
event_6,device_26,180.00154984337587
event_1,device_3,181.20444364282594
event_5,device_13,181.65249116477563
event_4,device_14,183.30547312424673
event_3,device_20,184.90887777274696
event_2,device_24,185.78084588705758
event_7,device_3,189.73623085955512
event_8,device_21,192.14245453205223
event_10,device_3,193.00192745437843
event_7,device_3,194.61768424709345
event_6,device_26,194.947403226138
event_8,device_21,194.96078465694308
event_9,device_7,196.77249344851785
event_10,device_3,198.02260071141126
event_8,device_21,199.75189794369336
event_7,device_3,199.78295127470437
event_9,device_7,201.51658655520768
event_2,device_24,201.61165116822593
event_9,device_7,205.16073323538302
event_1,device_3,209.06095249262586
event_8,device_21,209.36529696253663
event_1,device_3,209.82128545816434
event_8,device_21,215.33208471872175
event_2,device_24,215.48398262472162
event_6,device_26,215.9853272130389
event_8,device_21,217.5860805727046
event_7,device_3,218.03973706139342
event_1,device_3,219.46149321529543
event_9,device_7,221.61031445098695
event_1,device_3,222.76798126591424
event_5,device_13,224.07044301344717
event_6,device_26,225.5658215792333
event_3,device_20,225.87021719456638
event_2,device_24,230.1843053421643
event_5,device_13,234.8835340020094
event_4,device_14,234.99235312815884
event_8,device_21,235.51136603285912
event_4,device_14,238.77659819882882
event_3,device_20,239.7568058450229
event_5,device_13,239.8500143337949
event_7,device_3,239.92228445364856
event_8,device_21,241.33911211948384
event_6,device_26,241.8034642244752
event_8,device_21,243.31097973257647
event_5,device_13,243.59809741330187
event_3,device_20,244.36876244717834
event_2,device_24,245.941060100838
event_1,device_3,245.97223529631478
event_3,device_20,246.28529690882124
event_1,device_3,247.03161761684868
event_6,device_26,251.04682795232475
event_10,device_3,252.0054189694225
event_8,device_21,252.6199844960401
event_1,device_3,254.10110059404886
event_2,device_24,254.7001662875784
event_10,device_3,255.29895380568496
event_10,device_3,257.625260708011
event_4,device_14,258.2159562725496
event_6,device_26,258.6386101778979
event_2,device_24,260.9837733756662
event_3,device_20,263.35642731532556
event_6,device_26,265.05719354476463
event_3,device_20,267.22574540830544
event_7,device_3,272.9515704416376
event_1,device_3,277.38376656942233
event_4,device_14,277.82826363092175
event_8,device_21,278.953813572931
event_9,device_7,280.7707161980454
event_4,device_14,282.96615455034146
event_9,device_7,283.22346321911743
event_4,device_14,283.4591026081233
event_10,device_3,284.3835827208621
event_6,device_26,285.71949175809243
event_8,device_21,285.77091780415134
event_8,device_21,287.1200692380514
event_10,device_3,288.5874029673652
event_2,device_24,289.43563794200975
event_6,device_26,290.87893774278564
event_10,device_3,294.15127768029413
event_8,device_21,295.55861194817487
event_1,device_3,296.84895235390337
event_10,device_3,303.09426518778946
event_4,device_14,310.3423672013555
event_6,device_26,311.47920902625646
event_8,device_21,313.54827822994355
event_1,device_3,313.61823089726715
event_8,device_21,313.69354434947064
event_1,device_3,315.6152626322777
event_8,device_21,315.84713189097596
event_8,device_21,315.8615250478586
event_9,device_7,315.93460439708423
event_8,device_21,317.3752888126429
event_3,device_20,317.99081625784527
event_3,device_20,319.2007005947156
event_1,device_3,321.23047012162135
event_8,device_21,321.29100133984434
event_6,device_26,322.25053470131144
event_9,device_7,326.8815842370443
event_4,device_14,327.93463564206246
event_1,device_3,328.5749367417243
event_4,device_14,329.137884277697
event_8,device_21,329.527529621972
event_9,device_7,331.57073500984785
event_9,device_7,332.19100361454787
event_6,device_26,334.56834512947114
event_3,device_20,336.6568213856977
event_10,device_3,337.2618187185997
event_9,device_7,337.3914771876542
event_5,device_13,337.8761596107109
event_6,device_26,344.3722057858984
event_10,device_3,344.5868157447947
event_1,device_3,345.2067675831568
event_3,device_20,354.34738932815816
event_5,device_13,354.4450848086009
event_2,device_24,355.4575162687903
event_7,device_3,355.8029439195987
event_4,device_14,356.5488038763308
event_2,device_24,356.80972626834074
event_6,device_26,358.3138693357681
event_4,device_14,359.5447032924848
event_3,device_20,362.3410445240703
event_5,device_13,362.61160955648444
event_4,device_14,363.2438736516728
event_6,device_26,363.76064108407076
event_1,device_3,364.7247942094848
event_1,device_3,365.6869346123917
event_4,device_14,365.9456740183338
event_8,device_21,368.14608676104984
event_7,device_3,368.1634074392917
event_9,device_7,368.23092258495626
event_3,device_20,371.4501615834898
event_3,device_20,375.8393063027833
event_1,device_3,376.73350260280347
event_1,device_3,376.748929872623
event_8,device_21,376.97398630627254
event_9,device_7,379.03365391698725
event_2,device_24,380.94719067435386
event_6,device_26,382.871889784523
event_1,device_3,385.4343970011232
event_9,device_7,388.83732931725615
event_6,device_26,391.58750316973106
event_7,device_3,391.89631296074896
event_8,device_21,392.0032330863833
event_2,device_24,392.0292537555152
event_6,device_26,392.1349945991663
event_6,device_26,396.13733184580883
event_4,device_14,398.23355981760113
event_8,device_21,401.06299993445106
event_1,device_3,402.8128229361471
event_7,device_3,404.69529899635035
event_2,device_24,404.97928878012056
event_8,device_21,405.0899971119416
event_7,device_3,405.6600296526006
event_6,device_26,407.4522737578691
event_8,device_21,411.07543890436534
event_9,device_7,411.6544841137107
event_1,device_3,412.3796029188528
event_1,device_3,413.48193099239484
event_7,device_3,416.7073577429729
event_3,device_20,420.179837624992
event_4,device_14,424.0651595404866
event_5,device_13,425.18891571027194
event_5,device_13,425.5764721898481
event_10,device_3,425.89762329136516
event_8,device_21,427.94033149797065
event_2,device_24,430.89483776445877
event_5,device_13,431.433912438361
event_6,device_26,433.11627585898253
event_6,device_26,436.0344695518945
event_3,device_20,437.13894566393117
event_10,device_3,439.97116640716746
event_2,device_24,441.36343269535445
event_1,device_3,442.47012866004064
event_6,device_26,443.8091017286311
event_1,device_3,444.45527865700905
event_8,device_21,444.7817253091102
event_4,device_14,445.3690804638122
event_2,device_24,447.6639297100895
event_3,device_20,451.2741638389666
event_4,device_14,454.7986562649666
event_9,device_7,454.95086002763975
event_3,device_20,456.65688959454576
event_10,device_3,458.92340535503183
event_6,device_26,463.35120629138197
event_6,device_26,463.7876757205187
event_1,device_3,464.8191269184792
event_6,device_26,467.4390701669714
event_1,device_3,467.99275475669435
event_4,device_14,468.38990715450467
event_4,device_14,469.04971927150046
event_10,device_3,469.6158838302834
event_5,device_13,470.8224758035737
event_4,device_14,471.68643631219334
event_9,device_7,471.88271222368877
event_8,device_21,473.5730834537912
event_4,device_14,474.85876636314725
event_10,device_3,477.09872461286807
event_5,device_13,479.05607898960517
event_8,device_21,479.2914189558763
event_3,device_20,479.91310908346884
event_7,device_3,483.66445512527883
event_10,device_3,485.2890170495709
event_7,device_3,486.75824092454724
event_5,device_13,490.7747203478809
event_10,device_3,496.2422122007857
event_3,device_20,496.9082989673993
event_8,device_21,497.7535922922585
event_7,device_3,498.9634284083008
event_4,device_14,503.89127092040985
event_2,device_24,504.45944330301967
event_7,device_3,505.77105717203756
event_3,device_20,509.86839344753815
event_10,device_3,510.3117668247702
event_2,device_24,510.72050059084745
event_3,device_20,511.4906011294653
event_2,device_24,512.5664635369249
event_10,device_3,513.5192687628165
event_6,device_26,515.2067458176324
event_4,device_14,517.0275351280937
event_4,device_14,518.6000585297037
event_5,device_13,522.2996992575207
event_3,device_20,527.5585195582639
event_6,device_26,528.8012630295424
event_9,device_7,530.8940003306286
event_10,device_3,532.5978281409849
event_8,device_21,535.6341708597693
event_2,device_24,536.1259685268766
event_3,device_20,538.4470253027199
event_3,device_20,541.2638529287439
event_2,device_24,546.7030398774028
event_8,device_21,546.7327129621036
event_8,device_21,549.7278489384269
event_10,device_3,550.5507154368271
event_4,device_14,551.21846087353
event_2,device_24,557.6270870167866
event_9,device_7,560.2144858947213
event_8,device_21,561.0861845455345
event_6,device_26,561.2130207838219
event_7,device_3,562.1825017178646
event_7,device_3,564.5692218989309
event_5,device_13,566.3421889935057
event_8,device_21,567.1591636774067
event_9,device_7,567.9614587815505
event_3,device_20,569.606914913437
event_5,device_13,572.0305443232221
event_9,device_7,575.7869623297926
event_6,device_26,575.9759434828
event_1,device_3,576.2741049581298
event_1,device_3,576.6112898109535
event_8,device_21,577.8314683611001
event_8,device_21,579.6881534369543
event_8,device_21,579.8704494911448
event_5,device_13,580.3484128230675
event_4,device_14,581.8438471053416
event_9,device_7,582.1586123643915
event_2,device_24,582.4410243675537
event_4,device_14,583.0050526200247
event_5,device_13,584.7352352418675
event_10,device_3,585.92878859575
event_3,device_20,588.2955830599755
event_7,device_3,593.3672072740089
event_8,device_21,594.9253801346786
event_1,device_3,599.115045685846
event_3,device_20,599.9142495938956
event_8,device_21,601.6552389160594
event_3,device_20,602.383618154419
event_6,device_26,603.8449677866208
event_1,device_3,609.2055641844784
event_7,device_3,610.1580119093245
event_4,device_14,611.0260683262014
event_6,device_26,611.8539832957832
event_2,device_24,612.3598914594303
event_4,device_14,612.6209550015177
event_9,device_7,612.8552437147094
event_1,device_3,614.4191489150203
event_7,device_3,615.2036884904127
event_9,device_7,615.627664388061
event_2,device_24,615.7308531663317
event_8,device_21,617.6317779573529
event_6,device_26,619.5203972145
event_10,device_3,621.8681884915522
event_2,device_24,623.5926830266977
event_6,device_26,626.0651502362417
event_4,device_14,628.949538110209
event_3,device_20,631.2721288683738
event_10,device_3,631.8849601263082
event_4,device_14,633.6787097656419
event_10,device_3,634.0778370372276
event_3,device_20,635.9398215167971
event_5,device_13,638.4262102839493
event_3,device_20,641.7369529388669
event_1,device_3,643.4797208988462
event_4,device_14,644.1330501391463
event_8,device_21,644.6942423127365
event_9,device_7,645.3063252179602
event_1,device_3,645.4351407274905
event_10,device_3,648.1171252293498
event_1,device_3,649.510113448017
event_1,device_3,650.2040511513563
event_6,device_26,652.2389072305178
event_8,device_21,654.5887234284295
event_4,device_14,655.0830001190857
event_2,device_24,657.2911674325228
event_6,device_26,664.3207205057921
event_8,device_21,667.4110406589084
event_9,device_7,669.3619659530257
event_8,device_21,670.3621133519097
event_10,device_3,672.7217053165672
event_4,device_14,673.458114375682
event_8,device_21,674.3699598214495
event_3,device_20,677.4967292086968
event_5,device_13,678.2034077606147
event_2,device_24,679.7911484196438
event_6,device_26,681.4541925833446
event_6,device_26,681.5234488278724
event_1,device_3,681.8027119333562
event_10,device_3,682.1999627382559
event_10,device_3,682.5598912428061
event_9,device_7,682.6934209597388
event_4,device_14,684.1340486877684
event_10,device_3,684.1561972697423
event_7,device_3,685.6390802537844
event_1,device_3,686.2820534510446
event_8,device_21,690.4006952252759
event_9,device_7,690.9484397240436
event_5,device_13,693.7363317415333
event_4,device_14,693.9530580042983
event_10,device_3,694.1201844742053
event_9,device_7,694.3385861104904
event_2,device_24,698.0796746705344
event_6,device_26,702.1035551306757
event_7,device_3,705.1104080143207
event_4,device_14,711.6720971756379
event_1,device_3,712.6833043708781
event_5,device_13,713.323846542647
event_1,device_3,719.4639244119508
event_10,device_3,719.7926487140878
event_9,device_7,720.2794836782598
event_1,device_3,721.351979040796
event_3,device_20,721.5229172529533
event_6,device_26,722.2206710647284
event_8,device_21,723.2936781388319
event_10,device_3,724.3532192486297
event_2,device_24,725.3200313096957
event_6,device_26,727.3789766685261
event_7,device_3,728.283234581825
event_3,device_20,733.8228054932788
event_10,device_3,735.1069006033807
event_5,device_13,735.3549706970796
event_5,device_13,736.082875056531
event_4,device_14,739.9621070786859
event_3,device_20,740.1646859298738
event_10,device_3,744.1252703253033
event_5,device_13,745.1276364546376
event_8,device_21,745.3468326988793
event_7,device_3,750.1525100279354
event_4,device_14,753.3396397697248
event_10,device_3,756.7659342933001
event_8,device_21,757.656940148555
event_5,device_13,758.4958204872394
event_2,device_24,758.7603307021695
event_8,device_21,759.0568918014529
event_1,device_3,764.1703440547611
event_2,device_24,766.9011263567605
event_9,device_7,767.0697449662268
event_2,device_24,770.7212808132095
event_2,device_24,771.3714192206436
event_2,device_24,771.4645252080313
event_1,device_3,773.8084257364192
event_8,device_21,777.3809738647722
event_8,device_21,780.0444308653607
event_2,device_24,780.9487339134527
event_3,device_20,781.3567388447984
event_3,device_20,783.3384559747022
event_3,device_20,783.7489512771176
event_8,device_21,784.118539206483
event_6,device_26,784.8279028998822
event_5,device_13,799.6157673279577
event_6,device_26,799.8993566482332
event_6,device_26,801.8385598757262
event_1,device_3,804.9776154438405
event_8,device_21,806.5800905960114
event_4,device_14,809.0446377837411
event_10,device_3,809.6597672677597
event_3,device_20,810.1663936591036
event_1,device_3,810.890659990548
event_8,device_21,815.7868001887414
event_2,device_24,817.5471950644547
event_9,device_7,818.093782022603
event_8,device_21,818.7963653752208
event_10,device_3,819.7198479068289
event_4,device_14,820.4381980421169
event_9,device_7,820.5272395482019
event_6,device_26,822.7469541541005
event_6,device_26,824.3338874189043
event_3,device_20,824.6682179917366
event_2,device_24,825.79036414633
event_5,device_13,827.0656985529549
event_7,device_3,829.2347769596474
event_4,device_14,832.1152525058293
event_1,device_3,833.9600981587536
event_2,device_24,836.5837570337211
event_8,device_21,837.5639891612624
event_3,device_20,841.0969381026649
event_2,device_24,843.1159106231843
event_3,device_20,845.3934430730513
event_1,device_3,854.2977344132387
event_8,device_21,854.4380600262822
event_9,device_7,854.8999080815391
event_1,device_3,855.7808076992171
event_6,device_26,859.6434323152994
event_8,device_21,864.0256166476745
event_4,device_14,866.069660016264
event_8,device_21,867.5098682116065
event_3,device_20,867.7487619520984
event_5,device_13,867.877268115557
event_9,device_7,873.3056408633565
event_7,device_3,873.4415910437257
event_8,device_21,874.1175841009682
event_7,device_3,886.144459036718
event_1,device_3,887.8619108759826
event_4,device_14,887.9589303988612
event_10,device_3,892.9290804664065
event_8,device_21,894.8242202980394
event_7,device_3,895.7886551106045
event_3,device_20,897.5081482745976
event_6,device_26,900.3052921700223
event_9,device_7,900.5330283040113
event_10,device_3,900.5626516319612
event_2,device_24,900.6756239440264
event_6,device_26,902.6007012352665
event_3,device_20,909.5294182934765
event_8,device_21,909.5386726309995
event_5,device_13,912.1525964839341
event_9,device_7,914.3593265722062
event_6,device_26,920.103400263957
event_9,device_7,920.6530973680334
event_2,device_24,921.5100979443986
event_1,device_3,922.3453447931122
event_1,device_3,922.4311948383356
event_5,device_13,922.4877395624072
event_6,device_26,924.4771325743657
event_4,device_14,930.930951074677
event_8,device_21,932.2183739349538
event_2,device_24,932.7112285371336
event_7,device_3,933.7608672355942
event_8,device_21,936.8443013489052
event_7,device_3,938.993429617922
event_6,device_26,941.490853788808
event_7,device_3,942.1489394602827
event_1,device_3,943.1213862554362
event_7,device_3,943.9698047095105
event_4,device_14,944.5067667816443
event_5,device_13,944.991137088196
event_8,device_21,948.5980512016724
event_5,device_13,952.5816914158438
event_10,device_3,954.2924773162216
event_6,device_26,955.5310508276393
event_6,device_26,956.0417305459287
event_5,device_13,956.5601639797844
event_3,device_20,959.1001183845017
event_5,device_13,959.2446055077133
event_2,device_24,963.2725533681117
event_6,device_26,965.5798993112159
event_4,device_14,966.5711777467981
event_9,device_7,969.7434177520755
event_8,device_21,970.9006201780974
event_3,device_20,972.3394028737363
event_7,device_3,978.9058838334166
event_3,device_20,981.403788246348
event_3,device_20,983.3528133434155
event_10,device_3,983.6647672415933
event_2,device_24,984.3129371409788
event_6,device_26,984.9754301101325
event_4,device_14,985.9505488055166
event_3,device_20,987.120370211288
event_10,device_3,987.6985691141734
event_8,device_21,988.2044859164064
event_3,device_20,989.3892735364888
event_3,device_20,990.0217753506436
event_6,device_26,990.2602475241077
event_2,device_24,990.2869149248633
event_4,device_14,991.0909435602499
event_9,device_7,991.1353700305293
event_9,device_7,991.1551502349006
event_2,device_24,993.1435025937665
event_6,device_26,999.0545230351855
event_3,device_20,1001.6386105735612
event_2,device_24,1003.3234513155379
event_7,device_3,1003.5752797012362
event_4,device_14,1003.6057661110856
event_8,device_21,1003.9331366064692
event_5,device_13,1005.8326095195854
event_1,device_3,1010.1102492843135
event_4,device_14,1011.604907860958
event_9,device_7,1011.8114146597169
event_1,device_3,1011.9332442695868
event_10,device_3,1014.5732539138936
event_6,device_26,1019.7273217784812
event_7,device_3,1019.9684244492811
event_6,device_26,1024.525790495719
event_1,device_3,1025.1641145038473
event_3,device_20,1027.681479478941
event_4,device_14,1028.7560249861854
event_6,device_26,1029.2726881036863
event_2,device_24,1031.3892564937355
event_8,device_21,1032.0569693810835
event_9,device_7,1032.3191190587738
event_10,device_3,1032.4278008981767
event_7,device_3,1033.32268427348
event_5,device_13,1034.4774988368545
event_4,device_14,1036.7335098943845
event_8,device_21,1039.962246446735
event_7,device_3,1040.2831901800373
event_4,device_14,1040.463976301711
event_8,device_21,1040.5585178316949
event_2,device_24,1040.56924826589
event_5,device_13,1040.8919914240837
event_7,device_3,1041.0544332376187
event_2,device_24,1041.4877532701287
event_4,device_14,1041.5104299939023
event_4,device_14,1041.5954202758228
event_1,device_3,1041.875339714631
event_5,device_13,1042.7727728318323
event_10,device_3,1042.8843480510013
event_9,device_7,1042.9118190001782
event_8,device_21,1042.9951619243695
event_6,device_26,1043.6449850152767
event_10,device_3,1044.146256201964
event_9,device_7,1044.1806726924103
event_10,device_3,1044.437493627517
event_1,device_3,1045.2476769140155
event_6,device_26,1045.9985716680733
event_10,device_3,1046.5023289410424
event_8,device_21,1048.6788671701036
event_8,device_21,1050.7087300582386
event_10,device_3,1051.47568455133
event_1,device_3,1052.4857467393622
event_7,device_3,1053.5570671458836
event_3,device_20,1054.5518558135002
event_8,device_21,1054.6865163623045
event_9,device_7,1055.6278651557143
event_9,device_7,1057.7156994552163
event_6,device_26,1058.5932497100473
event_8,device_21,1058.6532486695742
event_10,device_3,1058.763758615221
event_6,device_26,1064.5516937683972
event_7,device_3,1065.8852852896205
event_3,device_20,1065.9650687931003
event_2,device_24,1066.0340205152677
event_3,device_20,1066.2656226005327
event_4,device_14,1066.3995773434026
event_2,device_24,1066.9686336916318
event_8,device_21,1066.9805119159225
event_3,device_20,1070.5204517108566
event_8,device_21,1075.2518109606453
event_8,device_21,1079.6671623264078
event_10,device_3,1082.4359911687513
event_8,device_21,1082.8678558360104
event_1,device_3,1083.0871452882448
event_6,device_26,1083.7291143203583
event_3,device_20,1088.0452724473294
event_5,device_13,1088.8261953009046
event_6,device_26,1088.9749129700679
event_9,device_7,1092.279612427533
event_6,device_26,1093.1704462268951
event_6,device_26,1093.8380024683277
event_6,device_26,1094.172297428267
event_2,device_24,1094.8648752992283
event_6,device_26,1108.6772764947511
event_7,device_3,1108.8401127686375
event_1,device_3,1109.1572408699258
event_1,device_3,1109.5961958500359
event_3,device_20,1111.1279669801204
event_10,device_3,1113.343676562184
event_3,device_20,1116.1833155967313
event_4,device_14,1118.554885981631
event_10,device_3,1118.9833159817497
event_5,device_13,1119.6962873572693
event_1,device_3,1121.3447730210803
event_3,device_20,1123.4189587270662
event_4,device_14,1124.8012634803533
event_3,device_20,1125.5919530524793
event_1,device_3,1127.5814441392056
event_7,device_3,1128.4609241271485
event_7,device_3,1128.5957111420375
event_3,device_20,1130.9263480741522
event_3,device_20,1131.252521716384
event_2,device_24,1131.593900424678
event_2,device_24,1132.3054131802155
event_3,device_20,1133.1735875775128
event_4,device_14,1137.7421712192015
event_7,device_3,1137.915703292431
event_7,device_3,1143.9543828694598
event_1,device_3,1147.089607379694
event_8,device_21,1148.607266832393
event_9,device_7,1152.6111552867696
event_8,device_21,1154.9462580435945
event_1,device_3,1158.301887986469
event_8,device_21,1166.8864595825755
event_2,device_24,1167.3184759240582
event_2,device_24,1167.666759695465
event_8,device_21,1167.7660904194315
event_10,device_3,1168.4571143921237
event_3,device_20,1170.5483175068036
event_8,device_21,1171.0977727015215
event_8,device_21,1171.2361465116655
event_4,device_14,1174.5878999293761
event_5,device_13,1175.073569318631
event_2,device_24,1180.797162565803
event_2,device_24,1181.4034019851322
event_10,device_3,1188.325581511268
event_3,device_20,1188.3490221740353
event_10,device_3,1188.3803650464904
event_6,device_26,1188.6118942796936
event_3,device_20,1189.5825616735367
event_4,device_14,1190.7672749024177
event_1,device_3,1194.861411864309
event_8,device_21,1195.1836207691954
event_1,device_3,1196.0519114594213
event_1,device_3,1200.4876827287571
event_6,device_26,1203.883665708186
event_4,device_14,1204.0285376768716
event_1,device_3,1205.6474836718685
event_7,device_3,1205.9758287636728
event_4,device_14,1207.4449538691854
event_6,device_26,1207.7707836881168
event_3,device_20,1208.343803414543
event_9,device_7,1209.4612389367755
event_7,device_3,1209.8413947782403
event_2,device_24,1215.1692579338007
event_8,device_21,1215.202107050326
event_8,device_21,1221.5154439756716
event_8,device_21,1221.9048320921177
event_6,device_26,1223.0431531777472
event_1,device_3,1224.0072765063924
event_8,device_21,1225.4391413880128
event_8,device_21,1228.3625166991055
event_3,device_20,1229.4785436691784
event_7,device_3,1230.4750671044105
event_5,device_13,1231.4715970950483
event_3,device_20,1232.3695172927878
event_10,device_3,1233.604119145352
event_9,device_7,1233.7350556921842
event_7,device_3,1241.3210579229976
event_8,device_21,1243.255116024261
event_3,device_20,1245.452149211904
event_6,device_26,1246.7087909583445
event_8,device_21,1247.2390097709504
event_5,device_13,1248.7241040808872
event_5,device_13,1249.4854186371742
event_7,device_3,1251.4232298324896
event_8,device_21,1252.748420430533
event_6,device_26,1257.0211964957775
event_6,device_26,1257.983281426498
event_1,device_3,1261.2303157801418
event_7,device_3,1263.3292888567182
event_6,device_26,1266.1578894741479
event_9,device_7,1266.5450237471584
event_4,device_14,1268.5575852206885
event_3,device_20,1268.7517839593945
event_5,device_13,1269.3884916729753
event_4,device_14,1270.3802199679403
event_8,device_21,1271.426685279182
event_6,device_26,1272.6228057444114
event_1,device_3,1273.7491516047844
event_6,device_26,1274.5478670080915
event_8,device_21,1275.8570578866281
event_7,device_3,1278.506375523861
event_3,device_20,1283.3848964986157
event_10,device_3,1283.514027686534
event_2,device_24,1286.923742840291
event_8,device_21,1287.9824318751992
event_6,device_26,1288.9806936211714
event_6,device_26,1289.7018519463577
event_9,device_7,1290.1449505937637
event_9,device_7,1290.2729355611425
event_7,device_3,1300.1978779569376
event_4,device_14,1300.3598718909732
event_1,device_3,1302.3347693386565
event_5,device_13,1303.008804958111
event_6,device_26,1304.679000216654
event_2,device_24,1305.1069446241868
event_6,device_26,1305.2259463189055
event_10,device_3,1305.9489379815134
event_1,device_3,1306.2286934274443
event_1,device_3,1306.810986498852
event_8,device_21,1309.0661433294517
event_4,device_14,1312.2591086863351
event_8,device_21,1312.371304644481
event_8,device_21,1316.095032263487
event_6,device_26,1317.9210485006754
event_1,device_3,1319.4421102791744
event_8,device_21,1319.9228242700888
event_1,device_3,1320.0554194182714
event_2,device_24,1320.9313535709168
event_8,device_21,1321.6364276856286
event_2,device_24,1325.6592496608457
event_1,device_3,1326.1369057394345
event_10,device_3,1327.0466306799342
event_5,device_13,1327.2722943833717
event_2,device_24,1329.5632620679735
event_7,device_3,1333.222352240497
event_8,device_21,1334.8120957050833
event_3,device_20,1336.9532147816785
event_9,device_7,1338.3079541983686
event_3,device_20,1341.855086703165
event_4,device_14,1342.767192594115
event_3,device_20,1344.1846248085192
event_5,device_13,1344.4124798434336
event_5,device_13,1346.6496104159542
event_3,device_20,1346.8140047805746
event_6,device_26,1349.6890707965706
event_9,device_7,1351.1446970958411
event_7,device_3,1354.789374711398
event_4,device_14,1360.7333895597799
event_5,device_13,1365.1063853978987
event_6,device_26,1367.240702905475
event_9,device_7,1367.5759613891541
event_3,device_20,1369.0687484187838
event_9,device_7,1370.8670305480114
event_5,device_13,1370.9963580125
event_6,device_26,1371.1941678855997
event_6,device_26,1372.8584760653205
event_8,device_21,1375.040207367177
event_8,device_21,1377.265565423698
event_3,device_20,1377.7235088954794
event_7,device_3,1378.745631598149
event_10,device_3,1379.229814628828
event_1,device_3,1383.8464115951374
event_7,device_3,1386.89990039102
event_8,device_21,1387.3967534947135
event_9,device_7,1388.6339497945912
event_7,device_3,1389.78160293435
event_3,device_20,1390.7610049133657
event_2,device_24,1390.988884126358
event_5,device_13,1391.6671398032572
event_4,device_14,1392.8243397697865
event_9,device_7,1393.189956590545
event_9,device_7,1393.550417540226
event_6,device_26,1393.5532944984739
event_4,device_14,1393.8299704245208
event_8,device_21,1394.4669051557667
event_9,device_7,1394.5915425688977
event_3,device_20,1394.6831217498304
event_2,device_24,1395.9170580637067
event_2,device_24,1396.4884937532934
event_1,device_3,1398.3530975481847
event_9,device_7,1401.8491991870217
event_6,device_26,1403.2637071948059
event_1,device_3,1404.6257404332907
event_10,device_3,1407.3503996066067
event_8,device_21,1414.228750860425
event_1,device_3,1415.0819062126125
event_7,device_3,1416.0661887706565
event_2,device_24,1416.8302412924395
event_6,device_26,1416.8702491893628
event_8,device_21,1417.416614118027
event_10,device_3,1420.490342706533
event_1,device_3,1421.0743541932784
event_6,device_26,1428.8737389373873
event_8,device_21,1429.2582467432007
event_1,device_3,1429.4187044560122
event_8,device_21,1429.9182059535074
event_1,device_3,1430.1446358083454
event_5,device_13,1430.1800209094663
event_5,device_13,1430.4816615919485
event_7,device_3,1432.7539066407935
event_10,device_3,1432.933627096894
event_2,device_24,1433.3384930262632
event_5,device_13,1434.7993172973916
event_8,device_21,1435.350898967394
event_4,device_14,1437.4866452231245
event_6,device_26,1437.515562242952
event_2,device_24,1440.3150051872535
event_1,device_3,1440.423086521989
event_4,device_14,1444.1115168989616
event_3,device_20,1447.3096259679025
event_7,device_3,1453.6202257810482
event_5,device_13,1455.207100457925
event_3,device_20,1457.4484664100135
event_2,device_24,1457.8448568491813
event_10,device_3,1459.554678811555
event_4,device_14,1459.6139334258871
event_2,device_24,1459.6239604187451
event_4,device_14,1459.8884984873544
event_2,device_24,1460.9055129739293
event_4,device_14,1461.0393025561254
event_1,device_3,1462.917738088966
event_2,device_24,1465.9654425170627
event_6,device_26,1466.9320957737457
event_1,device_3,1468.6244480304913
event_5,device_13,1469.0914098657117
event_2,device_24,1469.4896992943034
event_7,device_3,1470.0643197384913
event_6,device_26,1475.1635823826766
event_2,device_24,1477.5683408381453
event_1,device_3,1477.725744427501
event_7,device_3,1480.555126437367
event_6,device_26,1480.6441001661158
event_7,device_3,1481.747895710001
event_6,device_26,1482.9524950607772
event_5,device_13,1484.364547535906
event_3,device_20,1485.066702773882
event_2,device_24,1485.0971373678044
event_3,device_20,1487.739732249846
event_10,device_3,1487.860617344164
event_2,device_24,1490.8688145833441
event_4,device_14,1494.574300977025
event_3,device_20,1495.4565970714432
event_10,device_3,1496.8212054317867
event_2,device_24,1497.05852946188
event_3,device_20,1497.6798180584685
event_5,device_13,1498.5084635163812
event_10,device_3,1499.926750221405
event_7,device_3,1500.7190028616774
event_9,device_7,1503.1508324460276
event_1,device_3,1505.9745915352787
event_3,device_20,1507.2513957535866
event_2,device_24,1507.4523617294142
event_6,device_26,1510.0957733633454
event_7,device_3,1511.0502488643972
event_1,device_3,1511.463604458707
event_1,device_3,1515.3307075140708
event_1,device_3,1518.8271133808319
event_4,device_14,1518.8958968010681
event_7,device_3,1523.4407010609991
event_3,device_20,1529.0251113183197
event_8,device_21,1529.5700684282704
event_3,device_20,1530.1230421089867
event_10,device_3,1530.4078279633434
event_8,device_21,1531.7026189928408
event_2,device_24,1531.9330747831027
event_2,device_24,1532.7189439831186
event_10,device_3,1536.1518160294277
event_8,device_21,1540.008710856478
event_7,device_3,1544.2261595013663
event_9,device_7,1545.554964383813
event_8,device_21,1545.8707645048419
event_6,device_26,1547.391668466427
event_3,device_20,1547.6429935916012
event_2,device_24,1548.2944509959514
event_5,device_13,1551.9508366278574
event_8,device_21,1553.8841006354507
event_10,device_3,1554.151119169894
event_9,device_7,1555.1403766920093
event_6,device_26,1557.0102716730119
event_2,device_24,1557.3228720896213
event_8,device_21,1557.5617980896047
event_2,device_24,1558.5393895290483
event_9,device_7,1558.9538479247624
event_5,device_13,1564.8874032200133
event_6,device_26,1564.9072951020096
event_10,device_3,1565.821391751032
event_9,device_7,1566.2343131710809
event_3,device_20,1567.9720925689849
event_10,device_3,1569.3394315058085
event_7,device_3,1573.5484193566454
event_7,device_3,1576.0319114575666
event_3,device_20,1576.2972402743192
event_3,device_20,1576.7275098589478
event_2,device_24,1577.0788612571118
event_2,device_24,1577.8937650135258
event_1,device_3,1581.6802576515452
event_8,device_21,1581.7305062596702
event_8,device_21,1584.8913339809178
event_2,device_24,1586.0020183251859
event_6,device_26,1586.782440594936
event_9,device_7,1588.6780386589994
event_6,device_26,1590.1960027875853
event_2,device_24,1592.9612106127993
event_1,device_3,1593.426428332473
event_10,device_3,1594.6516992427114
event_7,device_3,1595.8245833862363
event_1,device_3,1597.7584851505055
event_6,device_26,1598.012950413178
event_7,device_3,1600.267938765193
event_1,device_3,1603.123119159894
event_1,device_3,1607.4066388469948
event_3,device_20,1608.2990394133665
event_1,device_3,1609.4381573334476
event_8,device_21,1609.495896033777
event_2,device_24,1609.5628913227456
event_8,device_21,1609.6039131757577
event_6,device_26,1611.1625594238374
event_10,device_3,1611.5445904195901
event_10,device_3,1612.9047107849033
event_1,device_3,1613.9368493636987
event_4,device_14,1614.3225336651967
event_8,device_21,1617.4359238613847
event_3,device_20,1617.8508587032093
event_9,device_7,1618.099858191615
event_2,device_24,1618.6196303735144
event_5,device_13,1618.6531136438746
event_6,device_26,1621.112189681751
event_1,device_3,1621.257115793762
event_4,device_14,1622.6908052095278
event_6,device_26,1623.3877743502858
event_1,device_3,1624.5827909556276
event_8,device_21,1625.62089797843
event_10,device_3,1625.9741650039196
event_5,device_13,1626.2891448825928
event_2,device_24,1626.410015257872
event_1,device_3,1627.753400184785
event_1,device_3,1628.4581004658714
event_3,device_20,1629.3742467665036
event_10,device_3,1629.811322186635
event_6,device_26,1629.9165621577756
event_5,device_13,1632.7123106694821
event_1,device_3,1633.3510298846363
event_3,device_20,1635.62386482749
event_7,device_3,1635.9268846940222
event_1,device_3,1639.8526136458802
event_8,device_21,1640.2466714243574
event_5,device_13,1641.7817226966254
event_6,device_26,1642.5364139761268
event_10,device_3,1643.7082909275034
event_10,device_3,1644.4123512199922
event_1,device_3,1649.5212316832096
event_1,device_3,1649.6384520965794
event_3,device_20,1654.0843813690683
event_2,device_24,1654.4503632848412
event_1,device_3,1654.589374540844
event_8,device_21,1655.5336019904216
event_4,device_14,1657.6848864078418
event_3,device_20,1658.2009733006744
event_1,device_3,1661.076226400305
event_4,device_14,1661.6407141905083
event_4,device_14,1662.2582875471803
event_8,device_21,1663.2313310273723
event_5,device_13,1664.0539139633147
event_7,device_3,1664.6733618860153
event_1,device_3,1669.8815878073892
event_4,device_14,1670.061330988877
event_6,device_26,1670.991528271445
event_7,device_3,1673.570507250991
event_6,device_26,1674.2646771682219
event_3,device_20,1675.4861620216848
event_2,device_24,1680.5808612085307
event_1,device_3,1681.0970793356983
event_5,device_13,1681.3074075146662
event_6,device_26,1681.331171895902
event_10,device_3,1682.3743468656194
event_2,device_24,1684.5878741037236
event_10,device_3,1686.480623078905
event_2,device_24,1686.7090215410556
event_10,device_3,1687.2997588103021
event_8,device_21,1687.337730825366
event_9,device_7,1687.4735586669542
event_6,device_26,1693.044770778347
event_1,device_3,1694.1069758028018
event_3,device_20,1696.1139163567748
event_8,device_21,1697.7633187632048
event_9,device_7,1697.9449020602785
event_4,device_14,1698.847319851682
event_2,device_24,1698.8793408326999
event_6,device_26,1704.3621423134452
event_3,device_20,1704.5265086278805
event_6,device_26,1707.0478852994795
event_1,device_3,1707.584400017284
event_4,device_14,1708.1988293921925
event_7,device_3,1711.7933926910341
event_1,device_3,1715.876736022984
event_9,device_7,1717.600446776776
event_5,device_13,1717.6126237374867
event_3,device_20,1725.1851437819223
event_6,device_26,1728.6392532782897
event_10,device_3,1729.8579430444915
event_6,device_26,1732.8640682969033
event_4,device_14,1733.7548788938168
event_5,device_13,1737.2879486869062
event_6,device_26,1741.2039079806696
event_7,device_3,1743.440936372586
event_6,device_26,1745.9079863494965
event_8,device_21,1751.7986403385664
event_8,device_21,1758.227536518048
event_4,device_14,1759.2120305740896
event_6,device_26,1760.5421792610455
event_8,device_21,1760.5455704439978
event_9,device_7,1761.1975821056624
event_10,device_3,1762.4025243822293
event_8,device_21,1769.0254255057614
event_6,device_26,1769.8503191351313
event_1,device_3,1770.0021628068932
event_5,device_13,1770.8745328247574
event_10,device_3,1771.2805591682002
event_1,device_3,1771.4347948904924
event_8,device_21,1772.1887062009157
event_6,device_26,1772.702037040877
event_9,device_7,1773.0202856857923
event_5,device_13,1775.5147293668033
event_2,device_24,1776.3153531407434
event_6,device_26,1779.7976488885045
event_3,device_20,1780.766029835424
event_10,device_3,1784.1951476211525
event_7,device_3,1790.2539665434847
event_8,device_21,1790.6424821909886
event_9,device_7,1790.8472824024434
event_4,device_14,1791.8879176557969
event_8,device_21,1793.6632304042976
event_1,device_3,1794.2624093828622
event_4,device_14,1795.1117254030178
event_5,device_13,1808.3440679759194
event_9,device_7,1809.2250980478846
event_1,device_3,1811.6893223624681
event_8,device_21,1812.0725986212196
event_2,device_24,1814.460334885965
event_10,device_3,1816.0315107793233
event_2,device_24,1816.0335841635426
event_7,device_3,1817.0327599702066
event_8,device_21,1817.5182335900975
event_4,device_14,1818.9209254186708
event_10,device_3,1818.9980097869136
event_5,device_13,1819.1409204773495
event_7,device_3,1819.7337205554102
event_7,device_3,1822.6365497950994
event_10,device_3,1822.8757992790208
event_6,device_26,1825.1191485753916
event_2,device_24,1825.2959891573203
event_3,device_20,1826.7569219551247
event_2,device_24,1826.8512852542988
event_4,device_14,1827.0010563342855
event_9,device_7,1827.3071496342375
event_3,device_20,1827.945854982596
event_1,device_3,1828.499799403287
event_9,device_7,1829.0673443215264
event_10,device_3,1829.1201251392076
event_3,device_20,1831.2817096420786
event_2,device_24,1832.1416027103783
event_4,device_14,1834.576794197898
event_4,device_14,1838.9489993350626
event_3,device_20,1845.5314493332987
event_1,device_3,1846.129058151308
event_4,device_14,1847.3521696517857
event_1,device_3,1848.5674839252745
event_7,device_3,1849.3420606569182
event_5,device_13,1849.534177883244
event_8,device_21,1849.6323454254837
event_1,device_3,1850.7398665650135
event_8,device_21,1850.793711512011
event_8,device_21,1851.132348708666
event_3,device_20,1851.2112346893466
event_8,device_21,1851.6674868717946
event_7,device_3,1856.6559737549933
event_4,device_14,1857.2709068131267
event_8,device_21,1858.428451194199
event_8,device_21,1861.091069587289
event_7,device_3,1863.6999378561554
event_9,device_7,1864.7428840026719
event_2,device_24,1867.0320463351761
event_7,device_3,1872.5427062670562
event_2,device_24,1872.6922600112432
event_3,device_20,1875.0879972898617
event_2,device_24,1879.7060315001754
event_5,device_13,1880.114354823575
event_4,device_14,1882.4468458967033
event_10,device_3,1883.8448797005603
event_3,device_20,1884.4113357508863
event_1,device_3,1884.585460945238
event_4,device_14,1885.2475338054787
event_10,device_3,1886.20897505917
event_8,device_21,1887.3836671901834
event_7,device_3,1891.3115010610506
event_10,device_3,1891.5588448164938
event_9,device_7,1891.6296106413972
event_9,device_7,1891.8759950237768
event_4,device_14,1893.4165113488425
event_4,device_14,1894.2923350367578
event_8,device_21,1894.3486136801687
event_9,device_7,1894.8615856284339
event_1,device_3,1895.8626559121376
event_3,device_20,1896.0980950776989
event_7,device_3,1896.1470627147608
event_2,device_24,1897.4760955475354
event_4,device_14,1899.1591601222744
event_3,device_20,1900.0095589291197
event_8,device_21,1900.4278436737145
event_1,device_3,1901.3767014167897
event_3,device_20,1902.5535233480466
event_6,device_26,1903.9156826401238
event_4,device_14,1904.6540861487056
event_5,device_13,1905.6071966710713
event_8,device_21,1906.9782835674207
event_6,device_26,1907.9916520720533
event_10,device_3,1908.8531369098048
event_7,device_3,1909.9614177645399
event_4,device_14,1910.9090196496436
event_4,device_14,1912.1181373871812
event_9,device_7,1912.4720870717101
event_1,device_3,1912.774729873544
event_7,device_3,1913.4137630542389
event_3,device_20,1913.5953877001264
event_6,device_26,1914.4403079204194
event_2,device_24,1914.9946870115268
event_10,device_3,1915.2174800193604
event_10,device_3,1915.9149790845927
event_8,device_21,1915.9614718450803
event_5,device_13,1916.6024239156711
event_10,device_3,1918.0931658241627
event_7,device_3,1921.9332115356085
event_10,device_3,1924.1787605855902
event_4,device_14,1925.1924174452483
event_2,device_24,1926.172869877591
event_6,device_26,1928.02259598179
event_8,device_21,1929.2206269259912
event_8,device_21,1930.1742020027195
event_9,device_7,1931.392956918022
event_3,device_20,1931.7532951633734
event_7,device_3,1932.4262909203828
event_8,device_21,1933.3635507823737
event_6,device_26,1936.4189639773183
event_9,device_7,1937.8837612453933
event_6,device_26,1939.001671539823
event_3,device_20,1939.065406297886
event_5,device_13,1939.3245071254905
event_2,device_24,1939.4476683526636
event_2,device_24,1940.0409951938223
event_1,device_3,1941.967740408234
event_4,device_14,1944.8664327891338
event_7,device_3,1947.4737722290206
event_10,device_3,1947.7327367592504
event_4,device_14,1949.3404796585316
event_9,device_7,1949.466531877697
event_1,device_3,1950.0618844655341
event_4,device_14,1957.3084782561693
event_2,device_24,1957.439319907067
event_1,device_3,1962.4191794149183
event_3,device_20,1962.594486071205
event_2,device_24,1962.985956099767
event_3,device_20,1964.0329056395162
event_2,device_24,1964.5667645316476
event_3,device_20,1966.7872358528582
event_2,device_24,1967.414026403061
event_2,device_24,1969.0099011239904
event_8,device_21,1970.8123611158958
event_2,device_24,1971.0529925036717
event_2,device_24,1972.4990218842117
event_2,device_24,1974.6854932885622
event_6,device_26,1979.2514035755364
event_5,device_13,1982.3609218494519
event_3,device_20,1982.4002793045852
event_10,device_3,1983.4863279463068
event_7,device_3,1983.7024281316894
event_4,device_14,1983.7831873212742
event_6,device_26,1984.066619621162
event_3,device_20,1984.13482957082
event_9,device_7,1985.051954477553
event_5,device_13,1986.3022376400986
event_3,device_20,1987.2268316303653
event_10,device_3,1988.8833844580213
event_5,device_13,1992.7719949433574
event_3,device_20,1995.7276944399832
event_8,device_21,1996.779094287637
event_2,device_24,1997.8508419509092
event_8,device_21,1999.1243243746985
event_9,device_7,1999.9644095610063
event_6,device_26,1999.9916147571669
event_1,device_3,2000.292532602805
event_6,device_26,2000.8068278687826
event_3,device_20,2001.0876651048545
event_3,device_20,2001.842489688397
event_5,device_13,2001.939614725205
event_2,device_24,2003.6384601699167
event_8,device_21,2003.921618933115
event_3,device_20,2004.4167937391148
event_7,device_3,2005.112971793519
event_7,device_3,2007.610191842138
event_9,device_7,2012.225651703534
event_7,device_3,2012.5114206511992
event_3,device_20,2016.9576882265303
event_6,device_26,2021.5232104138522
event_6,device_26,2023.004526195456
event_5,device_13,2024.1136968370497
event_10,device_3,2025.05242519554
event_5,device_13,2027.3399273186176
event_8,device_21,2028.5176503667014
event_6,device_26,2032.7914031588086
event_6,device_26,2033.7525862246696
event_8,device_21,2039.5378889579881
event_1,device_3,2041.151122685462
event_3,device_20,2042.927057886762
event_5,device_13,2043.0297260673299
event_6,device_26,2043.441161640217
event_7,device_3,2043.6448464243338
event_1,device_3,2043.6565862505615
event_5,device_13,2044.140466257001
event_3,device_20,2045.7691817379587
event_5,device_13,2045.8404089071478
event_6,device_26,2048.629986314022
event_7,device_3,2049.7602315340755
event_2,device_24,2051.8350524571106
event_10,device_3,2052.7346572654537
event_2,device_24,2057.226227598442
event_1,device_3,2057.319070217638
event_8,device_21,2064.669474631934
event_2,device_24,2066.2865141207526
event_1,device_3,2068.088266697028
event_2,device_24,2068.8629348699137
event_8,device_21,2071.7333505601973
event_5,device_13,2071.81288861203
event_5,device_13,2071.846925813901
event_7,device_3,2072.3081729474197
event_1,device_3,2073.156084785203
event_2,device_24,2074.8427003993716
event_2,device_24,2074.931501939786
event_6,device_26,2076.2711165567894
event_2,device_24,2076.7531775324505
event_7,device_3,2081.3870112712048
event_2,device_24,2085.3607282418775
event_6,device_26,2087.085313836039
event_8,device_21,2088.3140289966623
event_7,device_3,2090.1867822943987
event_1,device_3,2090.7911912092586
event_4,device_14,2091.653496677246
event_6,device_26,2092.2464748669527
event_1,device_3,2096.3996765582715
event_3,device_20,2100.501404183379
event_3,device_20,2109.404278517409
event_6,device_26,2111.7241966011015
event_8,device_21,2113.0580474067638
event_8,device_21,2118.4500993429037
event_4,device_14,2119.8649199631764
event_7,device_3,2122.1132279648946
event_4,device_14,2122.152058534379
event_1,device_3,2124.0129800029226
event_8,device_21,2124.2074140068244
event_6,device_26,2124.3525140239713
event_10,device_3,2126.300740252735
event_2,device_24,2126.949215791998
event_10,device_3,2127.9653924832196
event_8,device_21,2131.431825849533
event_1,device_3,2132.584011232571
event_4,device_14,2136.9248477007745
event_7,device_3,2137.7677482133276
event_4,device_14,2137.933218583161
event_9,device_7,2137.9419661104525
event_9,device_7,2138.3181099291182
event_9,device_7,2138.5047550112713
event_1,device_3,2138.6642247091413
event_2,device_24,2139.1252804532137
event_3,device_20,2139.219174310226
event_6,device_26,2143.0002814724144
event_1,device_3,2144.4576619116324
event_9,device_7,2145.8975866492738
event_7,device_3,2148.9385769813207
event_7,device_3,2150.289313822341
event_1,device_3,2155.069251947891
event_2,device_24,2156.5680996180345
event_2,device_24,2157.697143949768
event_6,device_26,2159.109806305843
event_2,device_24,2159.648648558594
event_6,device_26,2162.380647023344
event_4,device_14,2162.7318719758373
event_7,device_3,2164.5431431050547
event_8,device_21,2165.908933263331
event_3,device_20,2166.3936032934757
event_8,device_21,2167.712551516483
event_9,device_7,2167.9874299303024
event_3,device_20,2169.514134487366
event_10,device_3,2169.790316850988
event_2,device_24,2169.991677442414
event_8,device_21,2170.172399117471
event_9,device_7,2170.4880377613904
event_1,device_3,2171.4257980521616
event_2,device_24,2173.0400163416903
event_6,device_26,2177.124664868054
event_1,device_3,2177.990146183671
event_4,device_14,2178.2117921130257
event_6,device_26,2182.318406803614
event_3,device_20,2185.3607308957503
event_3,device_20,2186.7068295719396
event_1,device_3,2189.23289448597
event_6,device_26,2190.146313256734
event_9,device_7,2191.4071496691
event_7,device_3,2195.3375191251866
event_2,device_24,2195.944651023591
event_8,device_21,2196.6059511686744
event_3,device_20,2197.995221984194
event_2,device_24,2199.954684487759
event_10,device_3,2201.0678838600825
event_3,device_20,2201.8056394298574
event_5,device_13,2204.0640679448634
event_3,device_20,2205.0938738893274
event_5,device_13,2206.5680677896785
event_3,device_20,2211.09048324499
event_8,device_21,2214.197106277183
event_5,device_13,2214.6262188654787
event_10,device_3,2215.1122344076016
event_4,device_14,2215.5539681852833
event_9,device_7,2216.9299973032344
event_5,device_13,2218.3848379807473
event_2,device_24,2219.8973266686967
event_2,device_24,2221.6856766822084
event_6,device_26,2227.843539655017
event_1,device_3,2230.8527713321855
event_5,device_13,2231.231918484377
event_3,device_20,2232.220755658843
event_10,device_3,2232.2814809529805
event_7,device_3,2235.4492239062847
event_8,device_21,2236.0248015830803
event_5,device_13,2236.6807419571637
event_8,device_21,2237.2350220805924
event_4,device_14,2238.324359806131
event_10,device_3,2238.559278590035
event_3,device_20,2239.0344222538665
event_3,device_20,2247.4639401544196
event_1,device_3,2248.1025682245213
event_8,device_21,2249.252739236188
event_1,device_3,2251.0527603375103
event_4,device_14,2251.2757753730216
event_8,device_21,2252.055244151027
event_6,device_26,2252.2593332669817
event_9,device_7,2253.625363517092
event_1,device_3,2254.090684164837
event_7,device_3,2255.4517609861746
event_10,device_3,2256.7518078630114
event_6,device_26,2257.8637746099052
event_9,device_7,2262.53359822673
event_7,device_3,2263.4361272181295
event_10,device_3,2264.4284061192166
event_3,device_20,2266.071113906638
event_10,device_3,2266.3801097027313
event_9,device_7,2267.4177347013615
event_10,device_3,2269.0291265952837
event_7,device_3,2269.685050702508
event_3,device_20,2270.7259410786546
event_4,device_14,2271.7739677224313
event_10,device_3,2272.535197320468
event_1,device_3,2274.0217633634275
event_4,device_14,2276.331833023448
event_7,device_3,2276.3539410728285
event_7,device_3,2276.995239383066
event_6,device_26,2277.094898236935
event_2,device_24,2277.3123596491037
event_1,device_3,2277.31466862999
event_3,device_20,2277.80171247548
event_8,device_21,2278.184851149098
event_4,device_14,2278.3206785666275
event_2,device_24,2279.7728065235096
event_6,device_26,2280.98451927174
event_3,device_20,2283.218489893141
event_2,device_24,2289.5306682232845
event_3,device_20,2290.348462486246
event_1,device_3,2292.6382506483396
event_8,device_21,2292.772490718286
event_8,device_21,2293.6024917424384
event_3,device_20,2294.0503001331867
event_9,device_7,2294.9694840780317
event_3,device_20,2297.495604078731
event_4,device_14,2299.1733576334113
event_6,device_26,2299.7692395142494
event_10,device_3,2303.4829033989167
event_4,device_14,2304.490330125602
event_1,device_3,2305.086218159494
event_8,device_21,2305.1308183483025
event_9,device_7,2305.5490045630027
event_4,device_14,2306.106722123776
event_2,device_24,2306.28111043352
event_3,device_20,2307.219694646147
event_3,device_20,2309.5165601966687
event_6,device_26,2312.5918347903144
event_9,device_7,2314.3047666969705
event_9,device_7,2315.0014871080284
event_1,device_3,2316.64858485735
event_3,device_20,2317.533537219464
event_3,device_20,2318.2696973688057
event_5,device_13,2318.37458185244
event_6,device_26,2321.183578780763
event_10,device_3,2322.638409789545
event_10,device_3,2324.624719600131
event_6,device_26,2325.088573171423
event_3,device_20,2327.9700149282194
event_2,device_24,2328.714654959038
event_4,device_14,2331.3779019867675
event_1,device_3,2331.3981362578593
event_2,device_24,2331.6084075970916
event_4,device_14,2332.3046893960245
event_8,device_21,2337.1397931348274
event_5,device_13,2338.1019773860794
event_10,device_3,2338.1742750603926
event_2,device_24,2338.2135226445534
event_2,device_24,2338.851331988908
event_9,device_7,2338.902558661071
event_6,device_26,2343.780379077916
event_6,device_26,2346.427210072842
event_10,device_3,2351.961440478577
event_3,device_20,2354.364851489522
event_6,device_26,2354.7368773452754
event_7,device_3,2356.0877755189726
event_4,device_14,2357.896815432075
event_9,device_7,2358.362368739768
event_3,device_20,2359.5891445932893
event_3,device_20,2362.3652764901344
event_1,device_3,2363.250174692177
event_8,device_21,2363.414756715421
event_4,device_14,2364.3717061777666
event_2,device_24,2364.834740913483
event_8,device_21,2365.5059008551016
event_8,device_21,2366.695066806957
event_9,device_7,2366.839115041107
event_1,device_3,2367.6555515440573
event_8,device_21,2367.8991277852197
event_7,device_3,2368.567412842113
event_2,device_24,2369.1507832533853
event_4,device_14,2370.6804201713294
event_6,device_26,2372.515893232574
event_2,device_24,2374.1423263347783
event_4,device_14,2376.6717991424644
event_8,device_21,2376.7711798416885
event_8,device_21,2377.1578852551274
event_4,device_14,2379.1735530311003
event_5,device_13,2380.232292100043
event_10,device_3,2381.1524956212606
event_3,device_20,2382.892376612111
event_7,device_3,2383.4281461330493
event_3,device_20,2385.390132650754
event_4,device_14,2385.937242400562
event_9,device_7,2386.5367975355734
event_10,device_3,2387.601847482139
event_2,device_24,2388.647553782419
event_5,device_13,2389.2360052473205
event_6,device_26,2391.455561152778
event_8,device_21,2396.228075600414
event_2,device_24,2396.712095623816
event_4,device_14,2397.794815042614
event_2,device_24,2401.877645346671
event_6,device_26,2405.558744530449
event_8,device_21,2411.087338769695
event_7,device_3,2413.40547754197
event_7,device_3,2414.9044455182097
event_3,device_20,2415.914320260222
event_2,device_24,2416.4593564855295
event_2,device_24,2416.760413388745
event_3,device_20,2417.1344289926997
event_4,device_14,2417.3966526366066
event_8,device_21,2417.5306911841553
event_3,device_20,2418.6731034895975
event_4,device_14,2420.1563981642544
event_8,device_21,2420.995733875428
event_2,device_24,2422.2009385845727
event_3,device_20,2423.612054820974
event_2,device_24,2426.020948553049
event_1,device_3,2428.1869010221476
event_4,device_14,2430.393197670102
event_2,device_24,2435.1211322846784
event_6,device_26,2436.013626308432
event_8,device_21,2437.7085952167877
event_4,device_14,2439.098201566022
event_7,device_3,2440.978938335714
event_6,device_26,2441.924499012255
event_2,device_24,2442.197998311846
event_5,device_13,2442.446188526541
event_10,device_3,2444.520475306052
event_7,device_3,2445.8532014604016
event_4,device_14,2447.2180329374587
event_1,device_3,2447.3898080261097
event_1,device_3,2447.4353801701754
event_3,device_20,2448.340294297588
event_9,device_7,2450.506455262988
event_2,device_24,2451.255542924404
event_3,device_20,2452.9734578121365
event_10,device_3,2453.6524886348207
event_6,device_26,2454.547002523395
event_3,device_20,2454.9076886456032
event_6,device_26,2457.483339901087
event_1,device_3,2457.6630464306963
event_9,device_7,2458.7704224052527
event_4,device_14,2459.3468907510974
event_4,device_14,2459.5339979908726
event_7,device_3,2459.7053728066785
event_2,device_24,2465.9980018286324
event_2,device_24,2466.573806385578
event_1,device_3,2467.267092259839
event_8,device_21,2470.984986385491
event_3,device_20,2471.5146925761765
event_4,device_14,2471.651239979955
event_7,device_3,2471.723237999099
event_6,device_26,2473.12421106239
event_6,device_26,2474.489413399064
event_1,device_3,2475.2289181698507
event_8,device_21,2475.6161732118853
event_8,device_21,2475.718904200092
event_9,device_7,2476.2531163168583
event_6,device_26,2477.1019093779064
event_6,device_26,2478.0306922122923
event_4,device_14,2480.106442503006
event_10,device_3,2480.4263508700055
event_2,device_24,2481.1732073431745
event_6,device_26,2482.993009966461
event_2,device_24,2483.006589880936
event_10,device_3,2485.426424661233
event_9,device_7,2486.6498249872734
event_3,device_20,2487.431883761767
event_5,device_13,2491.6095933141733
event_1,device_3,2491.7081248624977
event_5,device_13,2491.890801227034
event_4,device_14,2494.7341353238453
event_4,device_14,2495.28797760477
event_4,device_14,2496.6116546313306
event_8,device_21,2502.0993076065974
event_1,device_3,2502.3404862427747
event_5,device_13,2502.499862078101
event_7,device_3,2504.5279838655956
event_1,device_3,2504.6354919348582
event_5,device_13,2504.9504870397664
event_9,device_7,2506.862054076466
event_4,device_14,2510.255133574567
event_3,device_20,2514.336760525435
event_5,device_13,2514.960627772073
event_1,device_3,2516.0432959466425
event_1,device_3,2516.6239773337866
event_10,device_3,2517.0637794708746
event_5,device_13,2520.3334852314806
event_3,device_20,2521.28556620474
event_6,device_26,2521.6403065260206
event_5,device_13,2521.7950581437394
event_1,device_3,2522.8293021340214
event_8,device_21,2523.426178733847
event_4,device_14,2526.014360573147
event_2,device_24,2530.4760263003545
event_6,device_26,2530.855011859299
event_3,device_20,2532.082841313865
event_7,device_3,2532.2711799233007
event_1,device_3,2534.2057957651937
event_1,device_3,2537.992905276425
event_8,device_21,2538.823941798594
event_4,device_14,2539.494914025711
event_7,device_3,2539.855245365586
event_8,device_21,2540.3504918766866
event_3,device_20,2541.4349391884707
event_8,device_21,2545.279719601075
event_6,device_26,2545.8008234320546
event_7,device_3,2547.408936321753
event_10,device_3,2549.978029226451
event_2,device_24,2550.5474960035554
event_3,device_20,2552.6007386390565
event_5,device_13,2558.570157029226
event_8,device_21,2560.5046372999955
event_1,device_3,2565.7267591832438
event_8,device_21,2566.305352683266
event_6,device_26,2566.9770442915064
event_4,device_14,2567.603900077862
event_7,device_3,2568.204340942121
event_1,device_3,2570.208935202543
event_3,device_20,2574.616780614863
event_10,device_3,2575.0771712085448
event_2,device_24,2575.118830079306
event_8,device_21,2579.540998049351
event_2,device_24,2580.5742199155543
event_7,device_3,2580.9968296586117
event_3,device_20,2582.623053419105
event_9,device_7,2584.8307550453414
event_1,device_3,2585.157410988933
event_7,device_3,2592.93750354655
event_7,device_3,2593.084063080845
event_8,device_21,2593.89298633549
event_4,device_14,2597.7043686380102
event_7,device_3,2598.500767992401
event_8,device_21,2598.8095236128356
event_8,device_21,2604.6168460021286
event_10,device_3,2606.4755528080063
event_7,device_3,2606.6709706175775
event_7,device_3,2611.0139043985064
event_3,device_20,2612.339648712307
event_2,device_24,2615.2647579360328
event_1,device_3,2617.2182932419887
event_9,device_7,2617.6122054667776
event_10,device_3,2618.2601985017345
event_4,device_14,2618.970412544061
event_7,device_3,2620.529818466051
event_2,device_24,2620.6141324266073
event_4,device_14,2620.979396837905
event_2,device_24,2622.714404274931
event_3,device_20,2622.996238509679
event_2,device_24,2624.620348039159
event_1,device_3,2624.9267393342943
event_4,device_14,2628.7014374738833
event_8,device_21,2629.4366152883995
event_7,device_3,2629.443248884003
event_9,device_7,2630.0860004000842
event_4,device_14,2631.2751451326562
event_7,device_3,2633.080010207411
event_2,device_24,2633.2450047750417
event_8,device_21,2633.3866160032076
event_10,device_3,2633.6769907788275
event_3,device_20,2633.9576670180463
event_1,device_3,2636.85585890985
event_2,device_24,2638.135453401442
event_2,device_24,2642.695630599126
event_1,device_3,2643.3143859550787
event_1,device_3,2647.51653952085
event_8,device_21,2649.831998528138
event_2,device_24,2649.922259842743
event_10,device_3,2650.847023423565
event_2,device_24,2651.4772681451673
event_6,device_26,2652.6467267943553
event_4,device_14,2656.434472498649
event_9,device_7,2659.9067107160686
event_4,device_14,2664.1166182131847
event_7,device_3,2665.7167827395892
event_8,device_21,2666.236800995315
event_3,device_20,2666.7940396223635
event_2,device_24,2666.825668772446
event_6,device_26,2667.50368668956
event_2,device_24,2671.3564433326937
event_6,device_26,2671.8615613409593
event_4,device_14,2672.253898733234
event_10,device_3,2672.447217240484
event_2,device_24,2672.5603216857303
event_2,device_24,2673.2006787916735
event_3,device_20,2673.6560349974675
event_2,device_24,2676.53401427049
event_4,device_14,2681.247623504259
event_4,device_14,2685.93275884573
event_3,device_20,2689.6471043720812
event_1,device_3,2690.000029317126
event_6,device_26,2692.6175440766
event_3,device_20,2693.04102411585
event_5,device_13,2693.5143744310044
event_4,device_14,2694.155545764895
event_10,device_3,2694.519126713306
event_8,device_21,2694.957727862719
event_3,device_20,2695.4771158357644
event_10,device_3,2695.5763566503288
event_2,device_24,2695.7724072130104
event_5,device_13,2696.590754949023
event_2,device_24,2698.289678656477
event_8,device_21,2703.2064082730067
event_4,device_14,2706.5846168382404
event_7,device_3,2707.800503446623
event_3,device_20,2710.3340362007825
event_4,device_14,2712.525495003366
event_1,device_3,2714.2687931407277
event_9,device_7,2715.123144337089
event_5,device_13,2715.3777049039436
event_10,device_3,2716.3505660122223
event_6,device_26,2719.898347692815
event_3,device_20,2719.9973637276953
event_7,device_3,2721.6731903760783
event_6,device_26,2722.576952942867
event_9,device_7,2722.715837014598
event_4,device_14,2723.3113019484413
event_7,device_3,2723.876730876905
event_7,device_3,2723.8900309373826
event_3,device_20,2724.5474939091578
event_4,device_14,2725.0584161386296
event_8,device_21,2725.214491668
event_1,device_3,2725.919640091181
event_8,device_21,2726.5281191022164
event_6,device_26,2728.3921924689976
event_1,device_3,2728.5429368993005
event_9,device_7,2728.7824189618846
event_4,device_14,2728.9880432392483
event_9,device_7,2729.965382790435
event_8,device_21,2732.388808871229
event_6,device_26,2733.7396931760363
event_8,device_21,2734.537679185795
event_7,device_3,2734.7494435212334
event_8,device_21,2735.391849720288
event_5,device_13,2735.763178436568
event_6,device_26,2738.4840675143782
event_9,device_7,2741.7209804758945
event_6,device_26,2743.5860911002856
event_1,device_3,2743.950036047634
event_9,device_7,2744.0925242511244
event_6,device_26,2744.8792775125353
event_3,device_20,2745.837438075765
event_10,device_3,2746.1836314603406
event_2,device_24,2746.2670273627296
event_5,device_13,2746.3524101062667
event_7,device_3,2747.665335788907
event_10,device_3,2751.9623809030545
event_2,device_24,2757.7786875101147
event_1,device_3,2761.858969869464
event_1,device_3,2761.970283943434
event_8,device_21,2762.054110790312
event_9,device_7,2764.4201659254504
event_2,device_24,2769.7373709537133
event_7,device_3,2775.7632853604255
event_7,device_3,2780.548618671962
event_9,device_7,2786.094645802231
event_2,device_24,2789.565467212605
event_10,device_3,2790.722679240357
event_8,device_21,2790.8170721354286
event_6,device_26,2792.485562980624
event_2,device_24,2792.5620629527825
event_9,device_7,2792.65689448728
event_4,device_14,2796.442686015752
event_8,device_21,2802.4660195179044
event_3,device_20,2807.3796101568614
event_1,device_3,2807.847750830044
event_8,device_21,2808.706030889942
event_10,device_3,2808.926328552863
event_2,device_24,2809.363028221802
event_7,device_3,2810.760313635012
event_8,device_21,2812.304864603909
event_9,device_7,2815.7401655046183
event_4,device_14,2817.7556351301946
event_6,device_26,2818.889439857162
event_7,device_3,2820.3512039733732
event_8,device_21,2822.1311803687254
event_7,device_3,2824.4461539240324
event_8,device_21,2827.6260726656733
event_3,device_20,2827.898871646826
event_8,device_21,2829.8818694238735
event_4,device_14,2830.9372104820177
event_3,device_20,2831.229094313866
event_7,device_3,2832.302768989863
event_6,device_26,2832.4907563519596
event_9,device_7,2834.3205359869703
event_2,device_24,2836.505070079548
event_3,device_20,2837.7220067908734
event_9,device_7,2839.7018901050883
event_1,device_3,2846.796915501875
event_8,device_21,2847.2537739224344
event_1,device_3,2847.3007331454482
event_3,device_20,2852.2410040170457
event_7,device_3,2855.135571580261
event_3,device_20,2856.243232154394
event_2,device_24,2857.386821327861
event_3,device_20,2857.995653175312
event_2,device_24,2859.004883267526
event_2,device_24,2860.1222438491495
event_3,device_20,2863.9250460303974
event_10,device_3,2863.967030302797
event_2,device_24,2864.6365941073564
event_1,device_3,2864.706901507583
event_6,device_26,2867.0595565406556
event_8,device_21,2868.0673307210245
event_5,device_13,2868.2254189077453
event_1,device_3,2868.3084717169427
event_5,device_13,2868.5229719891645
event_8,device_21,2869.12498992009
event_10,device_3,2869.4965039843623
event_2,device_24,2869.6278998375287
event_9,device_7,2869.87547921261
event_1,device_3,2871.141926245135
event_6,device_26,2873.4956796630913
event_9,device_7,2873.7542382062566
event_10,device_3,2874.0582570245347
event_3,device_20,2875.2096006051347
event_3,device_20,2877.2693491745604
event_8,device_21,2878.6696285590324
event_2,device_24,2881.9447689102317
event_3,device_20,2885.0399246529087
event_4,device_14,2885.1125784535916
event_5,device_13,2885.857084060485
event_6,device_26,2886.026545734241
event_1,device_3,2886.676000278098
event_1,device_3,2887.698515488302
event_4,device_14,2887.844510469125
event_8,device_21,2888.1507623106377
event_8,device_21,2888.949591329755
event_5,device_13,2889.583348485017
event_4,device_14,2890.6337272507953
event_6,device_26,2891.0110589064166
event_3,device_20,2892.427764468453
event_1,device_3,2893.750327015693
event_5,device_13,2894.20264842505
event_10,device_3,2894.3422309181346
event_4,device_14,2896.6300525470374
event_8,device_21,2898.5988332936067
event_2,device_24,2900.3976663638364
event_1,device_3,2901.6812689697913
event_8,device_21,2905.776245311035
event_8,device_21,2908.470156028538
event_6,device_26,2910.53078691038
event_1,device_3,2911.0056587533245
event_9,device_7,2923.5531998545725
event_2,device_24,2923.934528417468
event_2,device_24,2924.0411357716725
event_2,device_24,2924.697056885722
event_9,device_7,2924.751267970125
event_3,device_20,2930.787967638977
event_1,device_3,2932.131239390467
event_6,device_26,2933.060666970839
event_1,device_3,2933.528686138384
event_4,device_14,2934.9691254437944
event_3,device_20,2936.7055443970216
event_2,device_24,2936.8425288426456
event_10,device_3,2936.9488242567845
event_2,device_24,2937.7259436865866
event_9,device_7,2939.941381238423
event_3,device_20,2941.933859353786
event_1,device_3,2942.4811786366336
event_8,device_21,2942.4998422603744
event_4,device_14,2943.117776866542
event_2,device_24,2943.521855661687
event_2,device_24,2943.561671526445
event_4,device_14,2949.985432231631
event_2,device_24,2950.2634002484147
event_10,device_3,2952.1904438522715
event_6,device_26,2953.2128950176934
event_6,device_26,2955.9137795511097
event_9,device_7,2956.546455174112
event_6,device_26,2957.9886108968544
event_2,device_24,2958.0895828443668
event_8,device_21,2959.075749524966
event_9,device_7,2960.5183542933937
event_4,device_14,2960.519522810652
event_1,device_3,2964.8370183941515
event_1,device_3,2966.0217967292892
event_3,device_20,2967.1569661110398
event_3,device_20,2967.911903905324
event_10,device_3,2969.5882237561473
event_5,device_13,2972.2875268599164
event_1,device_3,2972.6012324478384
event_7,device_3,2973.657616405768
event_10,device_3,2978.04660699842
event_7,device_3,2988.155718027438
event_4,device_14,2989.112458125779
event_1,device_3,2989.240120204003
event_8,device_21,2989.241925170099
event_6,device_26,2990.136610220662
event_6,device_26,2994.8446496260044
event_8,device_21,2995.33431737959
event_4,device_14,2997.005473872636
event_10,device_3,2998.6176720084422
event_4,device_14,2999.8085615985815
event_6,device_26,3000.54517994773
event_2,device_24,3005.530276422146
event_3,device_20,3007.789633350546
event_9,device_7,3008.6079297131873
event_5,device_13,3009.3199185045287
event_10,device_3,3009.4099807589696
event_10,device_3,3010.450821593865
event_6,device_26,3012.447476411872
event_8,device_21,3012.802501536356
event_1,device_3,3013.401903776054
event_8,device_21,3017.181361169285
event_3,device_20,3018.4699808883156
event_7,device_3,3019.216927283303
event_4,device_14,3019.8747399073864
event_2,device_24,3021.169128410518
event_5,device_13,3022.0388554096767
event_4,device_14,3024.6964634551314
event_8,device_21,3026.210478031585
event_1,device_3,3027.1363732695418
event_8,device_21,3027.8964981581003
event_2,device_24,3028.4937875329783
event_2,device_24,3028.598968869356
event_4,device_14,3032.169674440739
event_4,device_14,3037.5971902658157
event_10,device_3,3039.721284385238
event_5,device_13,3044.5487075051324
event_2,device_24,3044.82603791783
event_6,device_26,3044.8999732930765
event_8,device_21,3047.3416120056263
event_5,device_13,3047.3923583456626
event_1,device_3,3047.78439137521
event_3,device_20,3047.9323106614165
event_3,device_20,3049.872659294179
event_8,device_21,3051.044368641976
event_10,device_3,3053.653187163059
event_7,device_3,3054.618487374084
event_10,device_3,3057.2148375751203
event_8,device_21,3057.7190103386715
event_10,device_3,3065.2203349572706
event_6,device_26,3065.950358963505
event_1,device_3,3067.3881763163586
event_4,device_14,3069.71357119783
event_8,device_21,3070.84942261126
event_7,device_3,3072.7399524749094
event_7,device_3,3074.350338456829
event_8,device_21,3074.71549302062
event_2,device_24,3075.076062752036
event_4,device_14,3079.048741232319
event_5,device_13,3080.244845119955
event_4,device_14,3082.0677859300895
event_7,device_3,3083.0331405324832
event_9,device_7,3089.571684742305
event_7,device_3,3091.2571862010946
event_6,device_26,3093.1023398482694
event_10,device_3,3094.3227866974744
event_3,device_20,3096.9866720672358
event_10,device_3,3099.608965065471
event_4,device_14,3100.696413041771
event_2,device_24,3101.0131935670474
event_4,device_14,3104.1519899304
event_8,device_21,3104.849956207689
event_10,device_3,3106.1982965569737
event_3,device_20,3109.671706574462
event_3,device_20,3110.0057154403316
event_9,device_7,3111.547625536496
event_2,device_24,3112.2695723330708
event_2,device_24,3113.8477427948574
event_2,device_24,3115.6464998098268
event_2,device_24,3117.663440620741
event_8,device_21,3119.8416117347524
event_8,device_21,3120.870589999421
event_1,device_3,3121.4744073447823
event_7,device_3,3122.07801590854
event_7,device_3,3126.050202127252
event_8,device_21,3127.3725248075298
event_5,device_13,3128.1606671477757
event_3,device_20,3128.5411440762664
event_3,device_20,3130.4633590119797
event_8,device_21,3132.761964347727
event_2,device_24,3132.951067829768
event_2,device_24,3133.189204168018
event_1,device_3,3135.0580489957492
event_4,device_14,3139.9790958025706
event_8,device_21,3144.9595164957404
event_9,device_7,3148.1614377285027
event_3,device_20,3149.0272585571547
event_5,device_13,3149.3160327088913
event_6,device_26,3154.140833438151
event_8,device_21,3154.611196357977
event_5,device_13,3155.0993218405692
event_8,device_21,3155.9412595653985
event_6,device_26,3158.10233862104
event_7,device_3,3162.288361620741
event_4,device_14,3164.475709911137
event_1,device_3,3170.6022279958142
event_3,device_20,3173.0584293488696
event_5,device_13,3175.1961198036415
event_10,device_3,3178.5036417874003
event_7,device_3,3182.602444250258
event_3,device_20,3182.6731889538332
event_1,device_3,3184.5850467517707
event_4,device_14,3185.5345665835416
event_9,device_7,3188.541368655813
event_10,device_3,3194.3578636781185
event_6,device_26,3194.490330228438
event_2,device_24,3194.775649828235
event_5,device_13,3195.9012061951876
event_3,device_20,3196.52732799938
event_5,device_13,3197.4763864217502
event_5,device_13,3197.512902103241
event_2,device_24,3197.533801178434
event_5,device_13,3201.3108800732007
event_7,device_3,3201.8945098512913
event_9,device_7,3202.8841004499686
event_8,device_21,3204.8678436533132
event_8,device_21,3204.9271920504907
event_2,device_24,3205.069749314338
event_2,device_24,3206.7138345179374
event_2,device_24,3208.1313709964265
event_5,device_13,3210.654838659615
event_10,device_3,3212.547509137584
event_6,device_26,3212.8201517061157
event_9,device_7,3213.1104888435016
event_7,device_3,3213.8081218920506
event_6,device_26,3214.4307686400925
event_8,device_21,3223.5971693446622
event_2,device_24,3224.0106583485012
event_9,device_7,3224.016813191698
event_7,device_3,3224.3088492225097
event_10,device_3,3226.304453022725
event_3,device_20,3227.2417550178716
event_1,device_3,3227.4602816057654
event_2,device_24,3227.593522971507
event_9,device_7,3228.650283071784
event_1,device_3,3229.0459238037697
event_6,device_26,3231.2952322575766
event_1,device_3,3231.5289900422276
event_8,device_21,3233.4014920293175
event_4,device_14,3234.2878702230605
event_9,device_7,3234.2934434416097
event_7,device_3,3236.152771688322
event_9,device_7,3238.6912784046385
event_3,device_20,3239.555815058137
event_8,device_21,3240.317658575032
event_8,device_21,3241.4338536677224
event_6,device_26,3241.930534386761
event_1,device_3,3242.2437796804597
event_7,device_3,3243.28733456694
event_6,device_26,3247.7013379928812
event_7,device_3,3248.2562671313667
event_9,device_7,3251.333277691115
event_3,device_20,3251.7725144696287
event_5,device_13,3252.1198819463184
event_6,device_26,3253.5178891989367
event_1,device_3,3253.8636811755864
event_7,device_3,3254.5280245538006
event_8,device_21,3257.0604185814805
event_10,device_3,3257.6279545325765
event_5,device_13,3260.0207603294593
event_10,device_3,3261.5569601719694
event_3,device_20,3266.1629343859063
event_7,device_3,3267.343814234442
event_6,device_26,3270.5442073739614
event_5,device_13,3271.9576590597626
event_6,device_26,3273.052703116889
event_2,device_24,3275.468107061086
event_7,device_3,3279.790289380517
event_7,device_3,3282.64894791108
event_5,device_13,3284.791451337535
event_4,device_14,3288.060635986682
event_4,device_14,3288.8049671433105
event_9,device_7,3288.851199804112
event_8,device_21,3292.151555405764
event_1,device_3,3292.217037104084
event_4,device_14,3292.6913883539614
event_1,device_3,3293.976033392998
event_2,device_24,3293.985529737763
event_5,device_13,3294.4657272968475
event_3,device_20,3296.51999711847
event_4,device_14,3301.5062449006828
event_9,device_7,3301.6448342974177
event_1,device_3,3302.6721656652767
event_7,device_3,3303.862290197873
event_8,device_21,3304.1798854259528
event_3,device_20,3304.3699260041544
event_5,device_13,3304.657735452876
event_4,device_14,3305.2626359592264
event_4,device_14,3305.9791486961726
event_4,device_14,3307.430094108538
event_7,device_3,3310.8212183488645
event_7,device_3,3312.0234890609727
event_4,device_14,3315.112278588504
event_6,device_26,3316.680927129901
event_8,device_21,3318.4645560605118
event_2,device_24,3319.1628214160955
event_5,device_13,3321.523738458219
event_8,device_21,3322.8679595217754
event_4,device_14,3325.359480086443
event_3,device_20,3328.0143110140243
event_5,device_13,3329.4413739206043
event_2,device_24,3330.171657060829
event_6,device_26,3333.7984400885334
event_6,device_26,3333.9108414591947
event_8,device_21,3333.9422084563967
event_7,device_3,3334.428980668324
event_1,device_3,3337.2163468573353
event_9,device_7,3338.7628246896265
event_6,device_26,3343.2411133199303
event_3,device_20,3343.3262256660414
event_10,device_3,3343.6153475383703
event_3,device_20,3344.994345343903
event_2,device_24,3345.989857456864
event_10,device_3,3346.1854777420644
event_6,device_26,3346.382543253476
event_1,device_3,3346.6863627593357
event_8,device_21,3347.1482395430694
event_4,device_14,3349.2366455274605
event_1,device_3,3349.768398643919
event_1,device_3,3351.6552272188783
event_5,device_13,3351.7140719799127
event_3,device_20,3355.145418970941
event_6,device_26,3361.297138075107
event_2,device_24,3362.4377217336446
event_10,device_3,3362.7153463476557
event_10,device_3,3362.8265566692876
event_8,device_21,3362.922840344517
event_9,device_7,3363.6946496214605
event_6,device_26,3365.808511854072
event_8,device_21,3372.6927957659964
event_7,device_3,3379.5736479428524
event_8,device_21,3380.7237256439903
event_6,device_26,3385.7009232372816
event_3,device_20,3386.535361823331
event_10,device_3,3387.053224754616
event_6,device_26,3387.590346559946
event_8,device_21,3388.752648788188
event_1,device_3,3391.7996362850295
event_6,device_26,3392.805525715035
event_4,device_14,3393.770561711045
event_7,device_3,3395.3439572705392
event_6,device_26,3398.09690031537
event_7,device_3,3403.858131668078
event_3,device_20,3405.7555050934825
event_10,device_3,3407.325300516233
event_6,device_26,3410.1108951269075
event_6,device_26,3411.240296531741
event_6,device_26,3412.5854669153596
event_4,device_14,3415.78570211819
event_7,device_3,3415.9555099039235
event_2,device_24,3416.0049769404573
event_3,device_20,3419.156768833504
event_1,device_3,3422.5843773045167
event_3,device_20,3422.586533240751
event_4,device_14,3426.797187517263
event_8,device_21,3428.4445790546038
event_6,device_26,3436.387328673648
event_8,device_21,3438.210518095554
event_5,device_13,3438.366566356564
event_1,device_3,3438.5325668530354
event_10,device_3,3439.394370695701
event_1,device_3,3440.51039363039
event_10,device_3,3441.0599026972777
event_2,device_24,3441.614516851296
event_3,device_20,3442.7398532807756
event_1,device_3,3447.36976677515
event_2,device_24,3449.0428765310617
event_1,device_3,3449.918908916578
event_10,device_3,3452.445402259115
event_1,device_3,3456.163641970201
event_10,device_3,3456.8740138097182
event_6,device_26,3457.782397673903
event_2,device_24,3458.78612105508
event_1,device_3,3459.1319414613317
event_2,device_24,3460.305611111606
event_2,device_24,3460.5657484767275
event_1,device_3,3460.630970890873
event_7,device_3,3462.3092243549772
event_7,device_3,3463.3274150209713
event_3,device_20,3466.983912152309
event_5,device_13,3467.720520660889
event_2,device_24,3467.977916058034
event_3,device_20,3475.389826586584
event_8,device_21,3476.4911808542
event_3,device_20,3477.3632481222626
event_10,device_3,3477.7410700090686
event_3,device_20,3478.936168478928
event_3,device_20,3482.2632440429534
event_3,device_20,3482.310601705977
event_3,device_20,3483.5796902550187
event_5,device_13,3483.680803670543
event_10,device_3,3483.9835466821073
event_6,device_26,3484.65394779303
event_3,device_20,3489.712208146809
event_1,device_3,3492.774593255071
event_3,device_20,3494.764470869346
event_3,device_20,3497.588734548951
event_2,device_24,3499.0085774892614
event_7,device_3,3499.9239960963378
event_7,device_3,3500.5260415020857
event_7,device_3,3501.28074055001
event_8,device_21,3502.5243272040907
event_8,device_21,3504.890725401372
event_6,device_26,3508.8820404400576
event_6,device_26,3509.4264307931935
event_2,device_24,3515.859617058512
event_5,device_13,3516.548527812203
event_10,device_3,3517.5420176749567
event_2,device_24,3518.6102172851674
event_6,device_26,3519.5573312450815
event_7,device_3,3520.011999982775
event_1,device_3,3521.637174237567
event_4,device_14,3527.873159622024
event_1,device_3,3530.1307480866944
event_4,device_14,3530.683501653563
event_6,device_26,3531.05350722746
event_6,device_26,3531.1264181934457
event_7,device_3,3533.564158084055
event_3,device_20,3534.36781037689
event_6,device_26,3534.369308205813
event_1,device_3,3534.681911386951
event_5,device_13,3535.128421067507
event_7,device_3,3540.008440095092
event_2,device_24,3540.0600596918753
event_2,device_24,3540.3938338713947
event_1,device_3,3541.2818369431616
event_10,device_3,3541.5114532542716
event_2,device_24,3541.8849600362714
event_8,device_21,3542.259275225821
event_5,device_13,3543.2754690071138
event_3,device_20,3544.079320548816
event_5,device_13,3544.6583997273606
event_7,device_3,3545.311888547594
event_8,device_21,3545.834023818636
event_1,device_3,3550.231674057429
event_8,device_21,3550.8538322441827
event_9,device_7,3551.119260543117
event_6,device_26,3553.115097686483
event_7,device_3,3553.1860943425595
event_8,device_21,3555.1504967581013
event_2,device_24,3556.3268262812153
event_4,device_14,3557.247814686691
event_7,device_3,3560.668488995308
event_2,device_24,3561.9322314456304
event_1,device_3,3564.8254798307576
event_4,device_14,3565.6474248130335
event_2,device_24,3566.102969197121
event_9,device_7,3573.4678451549826
event_7,device_3,3573.7602534956754
event_6,device_26,3575.03654254725
event_8,device_21,3576.7182976847716
event_4,device_14,3577.3679722176416
event_6,device_26,3579.1659281419097
event_9,device_7,3581.5791902031856
event_3,device_20,3584.4087321576676
event_4,device_14,3584.931082927619
event_4,device_14,3590.517305499765
event_3,device_20,3590.945917276156
event_7,device_3,3595.2602622695244
event_6,device_26,3596.0852768930895
event_9,device_7,3596.6064508951113
event_9,device_7,3597.023959985538
event_6,device_26,3597.05707286121
event_2,device_24,3597.787668312853
event_1,device_3,3597.9234681843923
event_6,device_26,3602.215424353392
event_2,device_24,3605.1953786516815
event_5,device_13,3606.2624367164353
event_8,device_21,3610.4934249017697
event_2,device_24,3611.248604701405
event_8,device_21,3614.487744902574
event_6,device_26,3616.0381612758165
event_10,device_3,3616.3704260603163
event_3,device_20,3616.5822289475445
event_8,device_21,3617.6369720334174
event_1,device_3,3618.23895911996
event_1,device_3,3618.6343910639607
event_8,device_21,3619.192470921578
event_3,device_20,3621.9625052111746
event_3,device_20,3622.4397568921663
event_1,device_3,3623.916884284412
event_6,device_26,3625.1614521042006
event_8,device_21,3625.274630467035
event_8,device_21,3625.334111577809
event_9,device_7,3625.5615777819025
event_1,device_3,3626.1651572885103
event_5,device_13,3626.6603177469506
event_10,device_3,3628.5198367434277
event_10,device_3,3628.817001796034
event_7,device_3,3630.432600456477
event_3,device_20,3630.606963298423
event_2,device_24,3630.7083353968032
event_2,device_24,3633.994662779883
event_7,device_3,3634.025267002834
event_4,device_14,3634.875304277119
event_5,device_13,3635.2942655254046
event_8,device_21,3639.5658645937774
event_5,device_13,3639.9797586362433
event_10,device_3,3640.829515835133
event_2,device_24,3641.493141247988
event_6,device_26,3641.9676447253873
event_3,device_20,3642.1868341354375
event_5,device_13,3642.4860173524535
event_5,device_13,3642.748037535082
event_10,device_3,3644.5111177611443
event_3,device_20,3645.199028473507
event_1,device_3,3648.1604807262092
event_10,device_3,3649.433213263747
event_8,device_21,3649.550769667931
event_7,device_3,3650.048012155084
event_7,device_3,3650.2188147974516
event_4,device_14,3650.5203042833473
event_6,device_26,3653.515400984978
event_1,device_3,3654.7378621036055
event_6,device_26,3657.351837160867
event_4,device_14,3662.7384445096877
event_6,device_26,3662.7619097804254
event_2,device_24,3663.6156204744034
event_8,device_21,3664.3365113191744
event_1,device_3,3665.403041531991
event_1,device_3,3665.657626535894
event_2,device_24,3667.345114845742
event_4,device_14,3668.177423440317
event_6,device_26,3669.139103006332
event_1,device_3,3671.329774176657
event_8,device_21,3671.539762295805
event_3,device_20,3673.321993739033
event_3,device_20,3673.706013001366
event_10,device_3,3674.294013870129
event_2,device_24,3676.914891655839
event_9,device_7,3681.9344878875536
event_9,device_7,3682.1082747504884
event_10,device_3,3683.995805586288
event_1,device_3,3684.2223455014264
event_4,device_14,3689.9599865459595
event_2,device_24,3690.4001959063003
event_4,device_14,3691.9996647496505
event_7,device_3,3692.462008861136
event_9,device_7,3695.8573744618852
event_6,device_26,3699.7739575074197
event_7,device_3,3701.7483964025378
event_10,device_3,3702.8165160884573
event_6,device_26,3703.972643351306
event_8,device_21,3705.183312588755
event_9,device_7,3705.242281518779
event_7,device_3,3705.482879150058
event_8,device_21,3705.78348821387
event_8,device_21,3705.9967424525357
event_8,device_21,3706.1322130298563
event_4,device_14,3706.2053324165922
event_9,device_7,3706.3084996305533
event_5,device_13,3706.337016142275
event_1,device_3,3707.9628588511114
event_1,device_3,3710.894063891247
event_7,device_3,3713.750072350526
event_1,device_3,3715.4803848104902
event_7,device_3,3718.8168757634066
event_6,device_26,3722.7597611490282
event_8,device_21,3722.925012706656
event_4,device_14,3725.84515869539
event_10,device_3,3728.9697810766706
event_9,device_7,3729.0358109924796
event_6,device_26,3729.79820595604
event_10,device_3,3732.5160487669764
event_6,device_26,3734.8998570089448
event_9,device_7,3735.99310504974
event_8,device_21,3748.6686741511194
event_5,device_13,3748.744874914229
event_4,device_14,3750.1482820452143
event_6,device_26,3750.1776975662915
event_7,device_3,3750.529471448488
event_1,device_3,3750.7471611664405
event_6,device_26,3752.897420921895
event_4,device_14,3756.110644930822
event_5,device_13,3758.4233484802817
event_6,device_26,3759.0361438891996
event_3,device_20,3760.4932071212224
event_6,device_26,3760.882908033949
event_8,device_21,3767.296657783225
event_9,device_7,3767.31598373592
event_2,device_24,3767.786895916067
event_7,device_3,3769.5384594534275
event_3,device_20,3772.5876755509203
event_7,device_3,3776.5653567838244
event_4,device_14,3778.767731865978
event_8,device_21,3780.558696227545
event_6,device_26,3784.9669521242645
event_3,device_20,3785.6976584933113
event_8,device_21,3793.1286817829246
event_2,device_24,3794.96413158174
event_6,device_26,3794.989958960619
event_2,device_24,3795.3577493905896
event_1,device_3,3795.542261278885
event_10,device_3,3795.8849530162906
event_1,device_3,3798.2594439581108
event_7,device_3,3798.550689134996
event_8,device_21,3799.0340956609257
event_8,device_21,3799.555024905211
event_2,device_24,3800.013367748086
event_6,device_26,3802.9411109609555
event_6,device_26,3803.569118725302
event_8,device_21,3803.7275365201267
event_9,device_7,3805.0230663133257
event_2,device_24,3807.9901123115765
event_5,device_13,3811.240769354455
event_10,device_3,3811.6970741626023
event_6,device_26,3812.764484091115
event_6,device_26,3814.4111123655302
event_7,device_3,3815.7975440429154
event_7,device_3,3818.545835435963
event_3,device_20,3820.7556085114416
event_8,device_21,3824.1901315856176
event_2,device_24,3824.4741954862566
event_6,device_26,3830.1527045760363
event_8,device_21,3830.876452797651
event_9,device_7,3832.4813447037695
event_6,device_26,3834.033578473943
event_5,device_13,3834.169665790784
event_9,device_7,3834.2038407814925
event_3,device_20,3835.770698951612
event_3,device_20,3842.4955790747244
event_6,device_26,3846.5514152012565
event_5,device_13,3846.659059981317
event_1,device_3,3847.9897110115444
event_8,device_21,3848.6336749123107
event_2,device_24,3848.6656996007127
event_2,device_24,3848.7845200579804
event_10,device_3,3848.9750595122746
event_1,device_3,3850.45688077671
event_1,device_3,3851.2780279665517
event_3,device_20,3852.2529092946875
event_6,device_26,3854.6715825155843
event_2,device_24,3858.0956975677764
event_6,device_26,3860.118442401343
event_3,device_20,3860.805551722926
event_10,device_3,3861.79318864898
event_8,device_21,3863.3572369645462
event_10,device_3,3864.6221146035377
event_9,device_7,3865.2817817242376
event_10,device_3,3871.126986616942
event_4,device_14,3872.3802999545806
event_8,device_21,3875.8706955287594
event_4,device_14,3876.721389425887
event_4,device_14,3876.725668999877
event_2,device_24,3878.480217216377
event_3,device_20,3885.136063034945
event_6,device_26,3886.266169433406
event_7,device_3,3887.605444087752
event_3,device_20,3890.0992423545927
event_3,device_20,3891.693543649998
event_6,device_26,3893.1941994855792
event_9,device_7,3893.6842481136787
event_3,device_20,3895.857533599677
event_2,device_24,3896.1675985910715
event_8,device_21,3901.4901320026024
event_1,device_3,3902.1191623392165
event_2,device_24,3902.5665730903243
event_8,device_21,3902.7759174964394
event_5,device_13,3911.520100418055
event_10,device_3,3914.9710245114234
event_2,device_24,3923.9794010177393
event_7,device_3,3929.601524109286
event_10,device_3,3932.168409375982
event_1,device_3,3932.4956531632424
event_6,device_26,3933.3623474743495
event_3,device_20,3936.486581691858
event_8,device_21,3936.5069370372894
event_10,device_3,3937.934649977054
event_4,device_14,3940.3962636187252
event_9,device_7,3940.3970239
event_7,device_3,3940.8665796562814
event_10,device_3,3941.7682215928667
event_5,device_13,3944.347300294119
event_10,device_3,3945.78563327068
event_4,device_14,3950.390725034293
event_1,device_3,3953.1339964513395
event_6,device_26,3963.1897983601016
event_2,device_24,3963.3527847513383
event_2,device_24,3964.5753314476324
event_4,device_14,3965.8425562170755
event_7,device_3,3969.682945673218
event_6,device_26,3971.168386273167
event_9,device_7,3971.851972351216
event_6,device_26,3975.014936040427
event_2,device_24,3976.912167876713
event_1,device_3,3977.06451533726
event_5,device_13,3978.141010159661
event_3,device_20,3979.1393298730786
event_2,device_24,3980.3148269743397
event_6,device_26,3981.6923926897957
event_10,device_3,3982.1607775701796
event_1,device_3,3982.6250149678513
event_3,device_20,3982.9684021967023
event_1,device_3,3983.542072907518
event_10,device_3,3984.4895259311875
event_8,device_21,3984.992807177574
event_1,device_3,3992.7717801092545
event_6,device_26,3993.5043160524847
event_3,device_20,3995.485020394644
event_6,device_26,3995.978197409597
event_8,device_21,3996.6324142682583
event_7,device_3,3997.914386570842
event_3,device_20,3998.2835896695815
event_6,device_26,3999.1654587261187
event_10,device_3,3999.58679190226
